indicator,year,expected_countries,available_countries,coverage_pct
youth_unemployment_pct,2000,217,187,86.18
youth_unemployment_pct,2001,217,187,86.18
youth_unemployment_pct,2002,217,187,86.18
youth_unemployment_pct,2003,217,187,86.18
youth_unemployment_pct,2004,217,187,86.18
youth_unemployment_pct,2005,217,187,86.18
youth_unemployment_pct,2006,217,187,86.18
youth_unemployment_pct,2007,217,187,86.18
youth_unemployment_pct,2008,217,187,86.18
youth_unemployment_pct,2009,217,187,86.18
youth_unemployment_pct,2010,217,187,86.18
youth_unemployment_pct,2011,217,187,86.18
youth_unemployment_pct,2012,217,187,86.18
youth_unemployment_pct,2013,217,187,86.18
youth_unemployment_pct,2014,217,187,86.18
youth_unemployment_pct,2015,217,187,86.18
youth_unemployment_pct,2016,217,187,86.18
youth_unemployment_pct,2017,217,187,86.18
youth_unemployment_pct,2018,217,187,86.18
youth_unemployment_pct,2019,217,187,86.18
youth_unemployment_pct,2020,217,187,86.18
youth_unemployment_pct,2021,217,187,86.18
youth_unemployment_pct,2022,217,186,85.71
youth_unemployment_pct,2023,217,184,84.79
youth_unemployment_pct,2024,217,182,83.87
youth_unemployment_pct,2025,217,182,83.87
gdp_growth_pct,2000,217,199,91.71
gdp_growth_pct,2001,217,200,92.17
gdp_growth_pct,2002,217,200,92.17
gdp_growth_pct,2003,217,204,94.01
gdp_growth_pct,2004,217,204,94.01
gdp_growth_pct,2005,217,204,94.01
gdp_growth_pct,2006,217,204,94.01
gdp_growth_pct,2007,217,205,94.47
gdp_growth_pct,2008,217,206,94.93
gdp_growth_pct,2009,217,209,96.31
gdp_growth_pct,2010,217,210,96.77
gdp_growth_pct,2011,217,210,96.77
gdp_growth_pct,2012,217,209,96.31
gdp_growth_pct,2013,217,209,96.31
gdp_growth_pct,2014,217,210,96.77
gdp_growth_pct,2015,217,211,97.24
gdp_growth_pct,2016,217,210,96.77
gdp_growth_pct,2017,217,210,96.77
gdp_growth_pct,2018,217,211,97.24
gdp_growth_pct,2019,217,210,96.77
gdp_growth_pct,2020,217,210,96.77
gdp_growth_pct,2021,217,210,96.77
gdp_growth_pct,2022,217,209,96.31
gdp_growth_pct,2023,217,204,94.01
gdp_growth_pct,2024,217,200,92.17
gdp_growth_pct,2025,217,186,85.71
inflation_pct,2000,217,163,75.12
inflation_pct,2001,217,168,77.42
inflation_pct,2002,217,170,78.34
inflation_pct,2003,217,173,79.72
inflation_pct,2004,217,174,80.18
inflation_pct,2005,217,177,81.57
inflation_pct,2006,217,180,82.95
inflation_pct,2007,217,182,83.87
inflation_pct,2008,217,183,84.33
inflation_pct,2009,217,186,85.71
inflation_pct,2010,217,188,86.64
inflation_pct,2011,217,192,88.48
inflation_pct,2012,217,191,88.02
inflation_pct,2013,217,190,87.56
inflation_pct,2014,217,190,87.56
inflation_pct,2015,217,189,87.1
inflation_pct,2016,217,189,87.1
inflation_pct,2017,217,184,84.79
inflation_pct,2018,217,183,84.33
inflation_pct,2019,217,183,84.33
inflation_pct,2020,217,178,82.03
inflation_pct,2021,217,178,82.03
inflation_pct,2022,217,178,82.03
inflation_pct,2023,217,176,81.11
inflation_pct,2024,217,174,80.18
inflation_pct,2025,217,165,76.04
fdi_pct_gdp,2000,217,186,85.71
fdi_pct_gdp,2001,217,187,86.18
fdi_pct_gdp,2002,217,188,86.64
fdi_pct_gdp,2003,217,189,87.1
fdi_pct_gdp,2004,217,189,87.1
fdi_pct_gdp,2005,217,190,87.56
fdi_pct_gdp,2006,217,191,88.02
fdi_pct_gdp,2007,217,193,88.94
fdi_pct_gdp,2008,217,194,89.4
fdi_pct_gdp,2009,217,194,89.4
fdi_pct_gdp,2010,217,193,88.94
fdi_pct_gdp,2011,217,195,89.86
fdi_pct_gdp,2012,217,195,89.86
fdi_pct_gdp,2013,217,195,89.86
fdi_pct_gdp,2014,217,196,90.32
fdi_pct_gdp,2015,217,195,89.86
fdi_pct_gdp,2016,217,194,89.4
fdi_pct_gdp,2017,217,194,89.4
fdi_pct_gdp,2018,217,195,89.86
fdi_pct_gdp,2019,217,194,89.4
fdi_pct_gdp,2020,217,194,89.4
fdi_pct_gdp,2021,217,196,90.32
fdi_pct_gdp,2022,217,195,89.86
fdi_pct_gdp,2023,217,195,89.86
fdi_pct_gdp,2024,217,192,88.48
fdi_pct_gdp,2025,217,97,44.7
trade_pct_gdp,2000,217,165,76.04
trade_pct_gdp,2001,217,165,76.04
trade_pct_gdp,2002,217,171,78.8
trade_pct_gdp,2003,217,172,79.26
trade_pct_gdp,2004,217,172,79.26
trade_pct_gdp,2005,217,175,80.65
trade_pct_gdp,2006,217,175,80.65
trade_pct_gdp,2007,217,176,81.11
trade_pct_gdp,2008,217,179,82.49
trade_pct_gdp,2009,217,179,82.49
trade_pct_gdp,2010,217,179,82.49
trade_pct_gdp,2011,217,179,82.49
trade_pct_gdp,2012,217,179,82.49
trade_pct_gdp,2013,217,181,83.41
trade_pct_gdp,2014,217,183,84.33
trade_pct_gdp,2015,217,185,85.25
trade_pct_gdp,2016,217,184,84.79
trade_pct_gdp,2017,217,185,85.25
trade_pct_gdp,2018,217,185,85.25
trade_pct_gdp,2019,217,183,84.33
trade_pct_gdp,2020,217,184,84.79
trade_pct_gdp,2021,217,183,84.33
trade_pct_gdp,2022,217,183,84.33
trade_pct_gdp,2023,217,176,81.11
trade_pct_gdp,2024,217,172,79.26
trade_pct_gdp,2025,217,138,63.59
youth_labor_force_participation_pct,2000,217,187,86.18
youth_labor_force_participation_pct,2001,217,187,86.18
youth_labor_force_participation_pct,2002,217,187,86.18
youth_labor_force_participation_pct,2003,217,187,86.18
youth_labor_force_participation_pct,2004,217,187,86.18
youth_labor_force_participation_pct,2005,217,187,86.18
youth_labor_force_participation_pct,2006,217,187,86.18
youth_labor_force_participation_pct,2007,217,187,86.18
youth_labor_force_participation_pct,2008,217,187,86.18
youth_labor_force_participation_pct,2009,217,187,86.18
youth_labor_force_participation_pct,2010,217,187,86.18
youth_labor_force_participation_pct,2011,217,187,86.18
youth_labor_force_participation_pct,2012,217,187,86.18
youth_labor_force_participation_pct,2013,217,187,86.18
youth_labor_force_participation_pct,2014,217,187,86.18
youth_labor_force_participation_pct,2015,217,187,86.18
youth_labor_force_participation_pct,2016,217,187,86.18
youth_labor_force_participation_pct,2017,217,187,86.18
youth_labor_force_participation_pct,2018,217,187,86.18
youth_labor_force_participation_pct,2019,217,187,86.18
youth_labor_force_participation_pct,2020,217,187,86.18
youth_labor_force_participation_pct,2021,217,187,86.18
youth_labor_force_participation_pct,2022,217,186,85.71
youth_labor_force_participation_pct,2023,217,184,84.79
youth_labor_force_participation_pct,2024,217,182,83.87
youth_labor_force_participation_pct,2025,217,182,83.87
