origin_year,threshold_pp,eligible_windows,positive_windows,event_rate_pct
2002,1.0,187,51,27.27
2002,2.0,187,33,17.65
2002,3.0,187,23,12.3
2002,4.0,187,13,6.95
2002,5.0,187,8,4.28
2003,1.0,187,40,21.39
2003,2.0,187,24,12.83
2003,3.0,187,17,9.09
2003,4.0,187,13,6.95
2003,5.0,187,6,3.21
2004,1.0,187,31,16.58
2004,2.0,187,18,9.63
2004,3.0,187,11,5.88
2004,4.0,187,6,3.21
2004,5.0,187,3,1.6
2005,1.0,187,18,9.63
2005,2.0,187,7,3.74
2005,3.0,187,3,1.6
2005,4.0,187,2,1.07
2005,5.0,187,1,0.53
2006,1.0,187,35,18.72
2006,2.0,187,16,8.56
2006,3.0,187,10,5.35
2006,4.0,187,7,3.74
2006,5.0,187,5,2.67
2007,1.0,187,78,41.71
2007,2.0,187,53,28.34
2007,3.0,187,44,23.53
2007,4.0,187,34,18.18
2007,5.0,187,24,12.83
2008,1.0,187,89,47.59
2008,2.0,187,72,38.5
2008,3.0,187,53,28.34
2008,4.0,187,44,23.53
2008,5.0,187,33,17.65
2009,1.0,187,60,32.09
2009,2.0,187,41,21.93
2009,3.0,187,29,15.51
2009,4.0,187,22,11.76
2009,5.0,187,18,9.63
2010,1.0,187,47,25.13
2010,2.0,187,37,19.79
2010,3.0,187,28,14.97
2010,4.0,187,23,12.3
2010,5.0,187,19,10.16
2011,1.0,187,52,27.81
2011,2.0,187,32,17.11
2011,3.0,187,25,13.37
2011,4.0,187,19,10.16
2011,5.0,187,18,9.63
2012,1.0,187,58,31.02
2012,2.0,187,31,16.58
2012,3.0,187,18,9.63
2012,4.0,187,11,5.88
2012,5.0,187,8,4.28
2013,1.0,187,46,24.6
2013,2.0,187,26,13.9
2013,3.0,187,13,6.95
2013,4.0,187,7,3.74
2013,5.0,187,5,2.67
2014,1.0,187,50,26.74
2014,2.0,187,30,16.04
2014,3.0,187,16,8.56
2014,4.0,187,12,6.42
2014,5.0,187,6,3.21
