origin_year,model,train_end_year,train_rows,evaluation_rows,event_rate,average_precision,brier_score,log_loss,mean_probability
2010,B0_constant,2007,1122,187,0.1497326203208556,0.1497326203208556,0.1301724384454803,0.4365401414863444,0.09625668449197858
2010,B1_history,2007,1122,187,0.1497326203208556,0.3044912202725816,0.12459554700058502,0.41099310487974766,0.11388570183584408
2010,M1_full,2007,1122,187,0.1497326203208556,0.2103179838493136,0.12937285625927858,0.4327642291423119,0.10303536481672818
2011,B0_constant,2008,1309,187,0.13368983957219252,0.13368983957219252,0.1159312533958649,0.39385879489871023,0.12299465240641715
2011,B1_history,2008,1309,187,0.13368983957219252,0.1849794836016831,0.11752242925581702,0.4011049972206817,0.12439030044879568
2011,M1_full,2008,1309,187,0.13368983957219252,0.16175452765269666,0.13144996884915597,0.4513076141405348,0.13253284702012252
2012,B0_constant,2009,1496,187,0.0962566844919786,0.0962566844919786,0.08793681546512624,0.32137988227112646,0.12700534759358284
2012,B1_history,2009,1496,187,0.0962566844919786,0.24275270380286895,0.08509425371144562,0.3089157522532665,0.13150355078416898
2012,M1_full,2009,1496,187,0.0962566844919786,0.18173440827419343,0.09634620035722155,0.33716172866952515,0.14918191894139
2013,B0_constant,2010,1683,187,0.06951871657754011,0.06951871657754011,0.06828729078912574,0.2711638543578577,0.1295306001188354
2013,B1_history,2010,1683,187,0.06951871657754011,0.07623659333564298,0.07224206778460308,0.28072689486406616,0.13058777483892656
2013,M1_full,2010,1683,187,0.06951871657754011,0.07810208630506829,0.08659964433810272,0.310449299146783,0.15113878710656356
2014,B0_constant,2011,1870,187,0.0855614973262032,0.0855614973262032,0.08021075810003143,0.30188994285449194,0.12994652406417112
2014,B1_history,2011,1870,187,0.0855614973262032,0.1135837162672334,0.08196295884594232,0.3045614981026384,0.1252243023344641
2014,M1_full,2011,1870,187,0.0855614973262032,0.10461541410017362,0.09036046385168679,0.32590643399879493,0.14403924293610804
2015,B0_constant,2012,2057,187,0.10695187165775401,0.10695187165775401,0.09591045102758074,0.3419750730410209,0.12688381137579
2015,B1_history,2012,2057,187,0.10695187165775401,0.17481110192073102,0.09503682913147474,0.33879865620293925,0.12158348602446016
2015,M1_full,2012,2057,187,0.10695187165775401,0.16116026868580915,0.10010393374538425,0.3423194058240109,0.14243098395430853
2016,B0_constant,2013,2244,187,0.058823529411764705,0.058823529411764705,0.05936766215155644,0.2462653105190212,0.12210338680926917
2016,B1_history,2013,2244,187,0.058823529411764705,0.09527432074128352,0.059918030515077284,0.24434418401776292,0.1185698285446815
2016,M1_full,2013,2244,187,0.058823529411764705,0.08779519650756035,0.06326301002261994,0.250820474610704,0.13073987143492816
2017,B0_constant,2014,2431,187,0.0748663101604278,0.0748663101604278,0.0712350296399465,0.2766984724565383,0.11929247223364874
2017,B1_history,2014,2431,187,0.0748663101604278,0.12732833954580255,0.07012132227877643,0.26883776546385896,0.1103651810626588
2017,M1_full,2014,2431,187,0.0748663101604278,0.09535898243819493,0.07439659128500188,0.28586549805734535,0.12128561918734544
2018,B0_constant,2015,2618,187,0.3315508021390374,0.3315508021390374,0.26705344267021347,0.7916388828484087,0.11841100076394191
2018,B1_history,2015,2618,187,0.3315508021390374,0.5708207029538966,0.2623479161120627,0.7799414801819453,0.10844917523876417
2018,M1_full,2015,2618,187,0.3315508021390374,0.49329368458677375,0.2565408649559645,0.7758950569710705,0.1209707135358632
2019,B0_constant,2016,2805,187,0.37967914438502676,0.37967914438502676,0.3058754897194658,0.8984268867459839,0.11443850267379684
2019,B1_history,2016,2805,187,0.37967914438502676,0.606504120626729,0.30254870090547514,0.9004120130584761,0.10610011141922333
2019,M1_full,2016,2805,187,0.37967914438502676,0.5216838962004476,0.29729684175770316,0.9022780268238788,0.11956772293364923
